-- MySQL dump 10.13  Distrib 8.0.19, for macos10.15 (x86_64)
--
-- Host: amazon.cmnzxnadxz9j.us-west-1.rds.amazonaws.com    Database: amazon
-- ------------------------------------------------------
-- Server version	5.7.26

/*!40101 SET @OLD_CHARACTER_SET_CLIENT=@@CHARACTER_SET_CLIENT */;
/*!40101 SET @OLD_CHARACTER_SET_RESULTS=@@CHARACTER_SET_RESULTS */;
/*!40101 SET @OLD_COLLATION_CONNECTION=@@COLLATION_CONNECTION */;
/*!50503 SET NAMES utf8 */;
/*!40103 SET @OLD_TIME_ZONE=@@TIME_ZONE */;
/*!40103 SET TIME_ZONE='+00:00' */;
/*!40014 SET @OLD_UNIQUE_CHECKS=@@UNIQUE_CHECKS, UNIQUE_CHECKS=0 */;
/*!40014 SET @OLD_FOREIGN_KEY_CHECKS=@@FOREIGN_KEY_CHECKS, FOREIGN_KEY_CHECKS=0 */;
/*!40101 SET @OLD_SQL_MODE=@@SQL_MODE, SQL_MODE='NO_AUTO_VALUE_ON_ZERO' */;
/*!40111 SET @OLD_SQL_NOTES=@@SQL_NOTES, SQL_NOTES=0 */;
SET @MYSQLDUMP_TEMP_LOG_BIN = @@SESSION.SQL_LOG_BIN;
SET @@SESSION.SQL_LOG_BIN= 0;

--
-- GTID state at the beginning of the backup 
--

SET @@GLOBAL.GTID_PURGED=/*!80000 '+'*/ '';

--
-- Table structure for table `OrderItemUpdates`
--

DROP TABLE IF EXISTS `OrderItemUpdates`;
/*!40101 SET @saved_cs_client     = @@character_set_client */;
/*!50503 SET character_set_client = utf8mb4 */;
CREATE TABLE `OrderItemUpdates` (
  `id` int(11) NOT NULL AUTO_INCREMENT,
  `message` text NOT NULL,
  `orderItemId` int(11) NOT NULL,
  `createdAt` datetime NOT NULL,
  `updatedAt` datetime NOT NULL,
  PRIMARY KEY (`id`)
) ENGINE=InnoDB AUTO_INCREMENT=65 DEFAULT CHARSET=latin1;
/*!40101 SET character_set_client = @saved_cs_client */;

--
-- Dumping data for table `OrderItemUpdates`
--

LOCK TABLES `OrderItemUpdates` WRITE;
/*!40000 ALTER TABLE `OrderItemUpdates` DISABLE KEYS */;
INSERT INTO `OrderItemUpdates` VALUES (1,'update msssage',31,'2020-04-20 22:19:39','2020-04-20 22:19:39'),(2,'update msssage',31,'2020-04-20 22:19:43','2020-04-20 22:19:43'),(3,'update msssage',31,'2020-04-20 22:21:14','2020-04-20 22:21:14'),(4,'update msssage',1,'2020-04-20 22:23:43','2020-04-20 22:23:43'),(5,'Out for Shipping: eqal',1,'2020-04-29 07:30:02','2020-04-29 07:30:02'),(6,'Packing: updated again',1,'2020-04-29 07:33:56','2020-04-29 07:33:56'),(7,'Packing: Order Packed',2,'2020-04-30 21:00:49','2020-04-30 21:00:49'),(8,'Out for Shipping: Send Packet for shipping',2,'2020-04-30 21:05:32','2020-04-30 21:05:32'),(9,'Out for Shipping: test',1,'2020-04-30 23:24:21','2020-04-30 23:24:21'),(10,'Out for Shipping: eqal',1,'2020-05-02 10:03:02','2020-05-02 10:03:02'),(11,'Cancelled: Check total updated',1,'2020-05-02 10:05:35','2020-05-02 10:05:35'),(12,'Cancelled: Check total updated',1,'2020-05-02 10:06:30','2020-05-02 10:06:30'),(13,'Package Arrived',5,'2020-05-03 00:08:41','2020-05-03 00:08:41'),(14,'Out for Delivery',5,'2020-05-03 00:11:07','2020-05-03 00:11:07'),(15,'Delivered',5,'2020-05-03 00:13:03','2020-05-03 00:13:03'),(16,'Package Arrived',6,'2020-05-03 00:16:17','2020-05-03 00:16:17'),(17,'Package Arrived',6,'2020-05-03 00:16:29','2020-05-03 00:16:29'),(18,'Out for Delivery',6,'2020-05-03 00:16:41','2020-05-03 00:16:41'),(19,'Delivered',6,'2020-05-03 00:16:55','2020-05-03 00:16:55'),(20,'Package Arrived',8,'2020-05-03 00:34:40','2020-05-03 00:34:40'),(21,'Out for Delivery',8,'2020-05-03 01:12:05','2020-05-03 01:12:05'),(22,'Package Arrived',7,'2020-05-03 01:13:13','2020-05-03 01:13:13'),(23,'Out for Delivery',7,'2020-05-05 19:40:36','2020-05-05 19:40:36'),(24,'Package Arrived',7,'2020-05-05 19:40:53','2020-05-05 19:40:53'),(25,'Package Arrived',8,'2020-05-06 09:11:59','2020-05-06 09:11:59'),(26,'Out for Delivery',8,'2020-05-07 07:21:05','2020-05-07 07:21:05'),(27,'Package Arrived',8,'2020-05-07 07:21:53','2020-05-07 07:21:53'),(28,'Out for Shipping: send ',44,'2020-05-07 08:27:43','2020-05-07 08:27:43'),(29,'Cancelled: send ',44,'2020-05-07 08:28:15','2020-05-07 08:28:15'),(30,'Out for Shipping: send',45,'2020-05-07 08:36:06','2020-05-07 08:36:06'),(31,'Delivered',45,'2020-05-07 08:35:51','2020-05-07 08:35:51'),(32,'Order received',48,'2020-05-07 20:25:32','2020-05-07 20:25:32'),(33,'Out for Delivery',8,'2020-05-08 05:45:08','2020-05-08 05:45:08'),(34,'Package Arrived',8,'2020-05-08 05:45:17','2020-05-08 05:45:17'),(35,'Out for Delivery',8,'2020-05-08 05:48:24','2020-05-08 05:48:24'),(36,'Package Arrived',8,'2020-05-08 05:49:33','2020-05-08 05:49:33'),(37,'Out for Delivery',8,'2020-05-08 05:49:40','2020-05-08 05:49:40'),(38,'Package Arrived',8,'2020-05-08 06:12:42','2020-05-08 06:12:42'),(39,'Order received',49,'2020-05-08 07:00:30','2020-05-08 07:00:30'),(40,'Order received',50,'2020-05-08 07:00:30','2020-05-08 07:00:30'),(41,'Order received',51,'2020-05-08 07:00:30','2020-05-08 07:00:30'),(42,'Order received',52,'2020-05-08 07:00:30','2020-05-08 07:00:30'),(43,'Order received',53,'2020-05-08 07:02:01','2020-05-08 07:02:01'),(44,'Order received',54,'2020-05-08 07:02:01','2020-05-08 07:02:01'),(45,'Order received',55,'2020-05-08 07:02:01','2020-05-08 07:02:01'),(46,'Order received',56,'2020-05-08 07:02:01','2020-05-08 07:02:01'),(47,'Order received',57,'2020-05-08 07:14:35','2020-05-08 07:14:35'),(48,'Out for Delivery',8,'2020-05-08 07:23:50','2020-05-08 07:23:50'),(49,'Order received',58,'2020-05-08 07:52:39','2020-05-08 07:52:39'),(50,'Order received',59,'2020-05-08 08:03:48','2020-05-08 08:03:48'),(51,'Out for Shipping: this has been shipped',58,'2020-05-08 08:16:10','2020-05-08 08:16:10'),(52,'Delivered',58,'2020-05-08 08:23:07','2020-05-08 08:23:07'),(53,'Package Arrived',8,'2020-05-08 08:25:25','2020-05-08 08:25:25'),(54,'Out for Delivery',8,'2020-05-08 08:25:34','2020-05-08 08:25:34'),(55,'Out for Delivery',8,'2020-05-08 08:53:42','2020-05-08 08:53:42'),(56,'Order received',60,'2020-05-08 09:01:34','2020-05-08 09:01:34'),(57,'Order received',61,'2020-05-08 23:31:52','2020-05-08 23:31:52'),(58,'Order received',62,'2020-05-08 23:35:21','2020-05-08 23:35:21'),(59,'Order received',63,'2020-05-08 23:50:56','2020-05-08 23:50:56'),(60,'Order received',64,'2020-05-08 23:50:56','2020-05-08 23:50:56'),(61,'Order received',65,'2020-05-08 23:50:56','2020-05-08 23:50:56'),(62,'Cancelled: ',65,'2020-05-08 23:52:39','2020-05-08 23:52:39'),(63,'Out for Shipping: ',64,'2020-05-08 23:54:30','2020-05-08 23:54:30'),(64,'Delivered',64,'2020-05-08 23:56:02','2020-05-08 23:56:02');
/*!40000 ALTER TABLE `OrderItemUpdates` ENABLE KEYS */;
UNLOCK TABLES;

--
-- Table structure for table `OrderItems`
--

DROP TABLE IF EXISTS `OrderItems`;
/*!40101 SET @saved_cs_client     = @@character_set_client */;
/*!50503 SET character_set_client = utf8mb4 */;
CREATE TABLE `OrderItems` (
  `id` int(11) NOT NULL AUTO_INCREMENT,
  `productId` varchar(255) NOT NULL,
  `customerId` varchar(255) NOT NULL,
  `sellerId` varchar(255) NOT NULL,
  `quantity` int(11) NOT NULL,
  `individualPrice` float NOT NULL,
  `totalPrice` float NOT NULL,
  `status` varchar(255) NOT NULL,
  `orderId` int(11) NOT NULL,
  `createdAt` datetime NOT NULL,
  `updatedAt` datetime NOT NULL,
  `productName` varchar(45) DEFAULT NULL,
  `sellerName` varchar(45) DEFAULT NULL,
  `customerName` varchar(45) DEFAULT NULL,
  PRIMARY KEY (`id`)
) ENGINE=InnoDB AUTO_INCREMENT=66 DEFAULT CHARSET=latin1;
/*!40101 SET character_set_client = @saved_cs_client */;

--
-- Dumping data for table `OrderItems`
--

LOCK TABLES `OrderItems` WRITE;
/*!40000 ALTER TABLE `OrderItems` DISABLE KEYS */;
INSERT INTO `OrderItems` VALUES (8,'5ead4e7c23ce55f5efb2f635','5ead4a39f6d4177e2139ffe6','5ea5418afe56da5e7cf33a5c',1,50.99,50.99,'Out for Delivery',6,'2020-04-20 21:16:35','2020-05-08 08:53:42','ptest100','somseller','somyacust'),(9,'5ea68a7166e6be721c3477d5','5ea32fb4716ebc4f57fd8ae9','5ea696efaa59c5b7e9e6dddb',2,1,2,'Paid',13,'2020-05-03 23:56:06','2020-05-03 23:56:06','jse','Ervin Howell','ptest'),(10,'5ea38ecac3d810562d00f428','5ea32fb4716ebc4f57fd8ae9','5ea337f842834e5c142f02d9',4,25.99,103.96,'Paid',14,'2020-05-03 23:56:52','2020-05-03 23:56:52','ptest2','ptest','ptest'),(11,'5ea68a7166e6be721c3477d5','5ea32fb4716ebc4f57fd8ae9','5ea696efaa59c5b7e9e6dddb',2,1,2,'Paid',14,'2020-05-03 23:56:52','2020-05-03 23:56:52','jse','Ervin Howell','ptest'),(12,'5ea38ecac3d810562d00f428','5ea32fb4716ebc4f57fd8ae9','5ea337f842834e5c142f02d9',4,25.99,103.96,'Paid',16,'2020-05-04 00:00:38','2020-05-04 00:00:38','ptest2','ptest','ptest'),(13,'5ea68a7166e6be721c3477d5','5ea32fb4716ebc4f57fd8ae9','5ea696efaa59c5b7e9e6dddb',2,1,2,'Paid',16,'2020-05-04 00:00:38','2020-05-04 00:00:38','jse','Ervin Howell','ptest'),(14,'5ea38ecac3d810562d00f428','5ea32fb4716ebc4f57fd8ae9','5ea337f842834e5c142f02d9',4,25.99,103.96,'Paid',17,'2020-05-04 01:18:13','2020-05-04 01:18:13','ptest2','ptest','ptest'),(15,'5ea68a7166e6be721c3477d5','5ea32fb4716ebc4f57fd8ae9','5ea696efaa59c5b7e9e6dddb',2,1,2,'Paid',17,'2020-05-04 01:18:13','2020-05-04 01:18:13','jse','Ervin Howell','ptest'),(16,'5ea38ecac3d810562d00f428','5ea32fb4716ebc4f57fd8ae9','5ea337f842834e5c142f02d9',4,25.99,103.96,'Paid',18,'2020-05-04 01:35:33','2020-05-04 01:35:33','ptest2','ptest','ptest'),(17,'5ea68a7166e6be721c3477d5','5ea32fb4716ebc4f57fd8ae9','5ea696efaa59c5b7e9e6dddb',2,1,2,'Paid',18,'2020-05-04 01:35:34','2020-05-04 01:35:34','jse','Ervin Howell','ptest'),(18,'5ea38ecac3d810562d00f428','5ea32fb4716ebc4f57fd8ae9','5ea337f842834e5c142f02d9',4,25.99,103.96,'Paid',19,'2020-05-04 01:44:44','2020-05-04 01:44:44','ptest2','ptest','ptest'),(19,'5ea68a7166e6be721c3477d5','5ea32fb4716ebc4f57fd8ae9','5ea696efaa59c5b7e9e6dddb',2,1,2,'Paid',19,'2020-05-04 01:44:44','2020-05-04 01:44:44','jse','Ervin Howell','ptest'),(20,'5ea38ecac3d810562d00f428','5ea32fb4716ebc4f57fd8ae9','5ea337f842834e5c142f02d9',4,25.99,103.96,'Paid',20,'2020-05-04 01:47:49','2020-05-04 01:47:49','ptest2','ptest','ptest'),(21,'5ea68a7166e6be721c3477d5','5ea32fb4716ebc4f57fd8ae9','5ea696efaa59c5b7e9e6dddb',2,1,2,'Paid',20,'2020-05-04 01:47:49','2020-05-04 01:47:49','jse','Ervin Howell','ptest'),(22,'5ea38ecac3d810562d00f428','5ea32fb4716ebc4f57fd8ae9','5ea337f842834e5c142f02d9',4,25.99,103.96,'Paid',21,'2020-05-04 01:49:17','2020-05-04 01:49:17','ptest2','ptest','ptest'),(23,'5ea68a7166e6be721c3477d5','5ea32fb4716ebc4f57fd8ae9','5ea696efaa59c5b7e9e6dddb',2,1,2,'Paid',21,'2020-05-04 01:49:17','2020-05-04 01:49:17','jse','Ervin Howell','ptest'),(24,'5ea38ecac3d810562d00f428','5ea32fb4716ebc4f57fd8ae9','5ea337f842834e5c142f02d9',4,25.99,103.96,'Paid',22,'2020-05-04 01:52:18','2020-05-04 01:52:18','ptest2','ptest','ptest'),(25,'5ea68a7166e6be721c3477d5','5ea32fb4716ebc4f57fd8ae9','5ea696efaa59c5b7e9e6dddb',2,1,2,'Paid',22,'2020-05-04 01:52:18','2020-05-04 01:52:18','jse','Ervin Howell','ptest'),(26,'5ea38ecac3d810562d00f428','5ea32fb4716ebc4f57fd8ae9','5ea337f842834e5c142f02d9',4,25.99,103.96,'Paid',23,'2020-05-04 01:54:06','2020-05-04 01:54:06','ptest2','ptest','ptest'),(27,'5ea68a7166e6be721c3477d5','5ea32fb4716ebc4f57fd8ae9','5ea696efaa59c5b7e9e6dddb',2,1,2,'Paid',23,'2020-05-04 01:54:06','2020-05-04 01:54:06','jse','Ervin Howell','ptest'),(28,'5ea38ecac3d810562d00f428','5ea32fb4716ebc4f57fd8ae9','5ea337f842834e5c142f02d9',4,25.99,103.96,'Paid',24,'2020-05-04 01:55:32','2020-05-04 11:08:34','ptest2','ptest','ptest'),(29,'5ea68a7166e6be721c3477d5','5ea32fb4716ebc4f57fd8ae9','5ea696efaa59c5b7e9e6dddb',2,1,2,'Paid',24,'2020-05-04 01:55:32','2020-05-04 01:55:32','jse','Ervin Howell','ptest'),(30,'5ea38ecac3d810562d00f428','5ea32fb4716ebc4f57fd8ae9','5ea337f842834e5c142f02d9',4,25.99,103.96,'Paid',25,'2020-05-04 02:01:25','2020-05-04 10:54:40','ptest2','ptest','ptest'),(31,'5ea68a7166e6be721c3477d5','5ea32fb4716ebc4f57fd8ae9','5ea696efaa59c5b7e9e6dddb',2,1,2,'Paid',25,'2020-05-04 02:01:25','2020-05-04 10:57:52','jse','Ervin Howell','ptest'),(32,'5ea38ecac3d810562d00f428','5ea32fb4716ebc4f57fd8ae9','5ea337f842834e5c142f02d9',4,25.99,103.96,'Paid',26,'2020-05-04 02:02:05','2020-05-04 10:52:31','ptest2','ptest','ptest'),(33,'5ea68a7166e6be721c3477d5','5ea32fb4716ebc4f57fd8ae9','5ea696efaa59c5b7e9e6dddb',2,1,2,'Paid',26,'2020-05-04 02:02:06','2020-05-04 10:51:17','jse','Ervin Howell','ptest'),(34,'5ea68a7166e6be721c3477d5','5ea3ab017c376a636208a017','5ea696efaa59c5b7e9e6dddb',1,1,1,'Cancelled',30,'2020-05-04 06:11:15','2020-05-04 10:49:55','jse','Ervin Howell','Narendra Modi'),(35,'5ea68a7166e6be721c3477d5','5ea3ab017c376a636208a017','5ea696efaa59c5b7e9e6dddb',1,1,1,'Cancelled',31,'2020-05-04 06:22:04','2020-05-04 10:22:11','jse','Ervin Howell','Narendra Modi'),(36,'5ea68a7166e6be721c3477d5','5ea3ab017c376a636208a017','5ea696efaa59c5b7e9e6dddb',1,1,1,'Cancelled',32,'2020-05-04 06:22:44','2020-05-04 10:17:09','jse','Ervin Howell','Narendra Modi'),(37,'5ea6a3576d7efac6ca1edbe0','5eb293a444fd7654041b0752','5ea38cdfa873f95cca34c2b8',3,271,813,'Paid',33,'2020-05-06 10:41:30','2020-05-06 10:41:30','Corporis','Sell1','customerTest1'),(38,'5ea68a7166e6be721c3477d5','5eb090b94985847124f81350','5ea696efaa59c5b7e9e6dddb',1,1,1,'Paid',34,'2020-05-06 22:15:45','2020-05-06 22:15:45','jse','Ervin Howell','Sourabh Garg1'),(39,'5ea68a7166e6be721c3477d5','5eaf8999ffd6863b35ee5d10','5ea696efaa59c5b7e9e6dddb',2,1,2,'Cancelled',35,'2020-05-06 22:37:21','2020-05-08 06:45:56','jse','Ervin Howell','Customer Customer'),(40,'5ea68a7166e6be721c3477d5','5eb33b9c3c07d7618314db28','5ea696efaa59c5b7e9e6dddb',1,1,1,'Paid',36,'2020-05-06 22:44:29','2020-05-06 22:44:29','jse','Ervin Howell','Paraneeta Raghav'),(41,'5ea68a7166e6be721c3477d5','5eb33b9c3c07d7618314db28','5ea696efaa59c5b7e9e6dddb',1,1,1,'Paid',37,'2020-05-06 22:57:08','2020-05-06 22:57:08','jse','Ervin Howell','Paraneeta Raghav'),(42,'5eb35f14e7bec38a55fab096','5eb354c3b2a9df3e4cfecb12','5eb354eab2a9df3e4cfecb14',1,30,30,'Paid',38,'2020-05-07 02:15:43','2020-05-07 02:15:43','Barbie Doll','Hseller','Heli'),(43,'5eb3bb611094cf832eded69e','5eb3bd021094cf832eded6a7','5eb3b4541094cf832eded69b',1,30,30,'Cancelled',39,'2020-05-07 08:15:59','2020-05-07 08:23:11','Test_Product','SellerDemo','Akash'),(44,'5eb3bb611094cf832eded69e','5eb3bd021094cf832eded6a7','5eb3b4541094cf832eded69b',3,30,90,'Cancelled',40,'2020-05-07 08:24:41','2020-05-07 08:28:15','Test_Product','SellerDemo','Akash'),(45,'5eb3bb611094cf832eded69e','5eb3bd021094cf832eded6a7','5eb3b4541094cf832eded69b',2,30,60,'Delivered',41,'2020-05-07 08:34:13','2020-05-07 08:35:51','Test_Product','SellerDemo','Akash'),(46,'5ea68a7166e6be721c3477d5','5ea3ab017c376a636208a017','5ea696efaa59c5b7e9e6dddb',1,1,1,'Paid',42,'2020-05-07 20:07:19','2020-05-07 20:07:19','jse','Ervin Howell','Narendra Modi'),(47,'5ea68a7166e6be721c3477d5','5ea3ab017c376a636208a017','5ea696efaa59c5b7e9e6dddb',5,1,5,'Paid',43,'2020-05-07 20:10:56','2020-05-07 20:10:56','jse','Ervin Howell','Narendra Modi'),(48,'5ea68a7166e6be721c3477d5','5eb3bd021094cf832eded6a7','5ea696efaa59c5b7e9e6dddb',4,1,4,'Paid',45,'2020-05-07 20:25:32','2020-05-07 20:25:32','jse','Ervin Howell','Akash'),(49,'5ea6a3596d7efac6ca1edbf9','5eaf8999ffd6863b35ee5d10','5ea5418afe56da5e7cf33a5c',1,195,195,'Paid',46,'2020-05-08 07:00:30','2020-05-08 07:00:30','Nobis','seller1234','Customer Customer'),(50,'5ea6a3596d7efac6ca1edbf9','5eaf8999ffd6863b35ee5d10','5ea5418afe56da5e7cf33a5c',1,195,195,'Paid',47,'2020-05-08 07:00:30','2020-05-08 07:00:30','Nobis','seller1234','Customer Customer'),(51,'5ea6a3596d7efac6ca1edbf9','5eaf8999ffd6863b35ee5d10','5ea5418afe56da5e7cf33a5c',1,195,195,'Paid',48,'2020-05-08 07:00:30','2020-05-08 07:00:30','Nobis','seller1234','Customer Customer'),(52,'5ea6a3596d7efac6ca1edbf9','5eaf8999ffd6863b35ee5d10','5ea5418afe56da5e7cf33a5c',1,195,195,'Paid',49,'2020-05-08 07:00:30','2020-05-08 07:00:30','Nobis','seller1234','Customer Customer'),(53,'5ea6a3596d7efac6ca1edbf9','5eaf8999ffd6863b35ee5d10','5ea5418afe56da5e7cf33a5c',5,195,975,'Paid',50,'2020-05-08 07:02:01','2020-05-08 07:02:01','Nobis','seller1234','Customer Customer'),(54,'5ea6a3596d7efac6ca1edbf9','5eaf8999ffd6863b35ee5d10','5ea5418afe56da5e7cf33a5c',5,195,975,'Paid',52,'2020-05-08 07:02:01','2020-05-08 07:02:01','Nobis','seller1234','Customer Customer'),(55,'5ea6a3596d7efac6ca1edbf9','5eaf8999ffd6863b35ee5d10','5ea5418afe56da5e7cf33a5c',5,195,975,'Paid',51,'2020-05-08 07:02:01','2020-05-08 07:02:01','Nobis','seller1234','Customer Customer'),(56,'5ea6a3596d7efac6ca1edbf9','5eaf8999ffd6863b35ee5d10','5ea5418afe56da5e7cf33a5c',5,195,975,'Paid',53,'2020-05-08 07:02:01','2020-05-08 07:02:01','Nobis','seller1234','Customer Customer'),(57,'5ea68a7166e6be721c3477d5','5eaf8999ffd6863b35ee5d10','5ea696efaa59c5b7e9e6dddb',2,1,2,'Paid',54,'2020-05-08 07:14:35','2020-05-08 07:14:35','jse','Ervin Howell','Customer Customer'),(58,'5eb50cf3230629151d14ceef','5eb50865230629151d14ce96','5eb50827230629151d14ce91',1,1321,1321,'Delivered',55,'2020-05-08 07:52:39','2020-05-08 08:23:07','Laptop 3','Thor Odison','Tony Stark'),(59,'5ea4d52909e8deea661c7534','5eb50865230629151d14ce96','5ea337f842834e5c142f02d9',2,25.99,53.98,'Paid',56,'2020-05-08 08:03:48','2020-05-08 08:03:48','ptest3','ptest','Tony Stark'),(60,'5eb50e4a230629151d14cf05','5eb50865230629151d14ce96','5eb50827230629151d14ce91',2,1902,3804,'Paid',57,'2020-05-08 09:01:34','2020-05-08 09:01:34','Think Pad','Thor Odison','Tony Stark'),(61,'5eb50f87230629151d14cf37','5eb50865230629151d14ce96','5eb50841230629151d14ce93',2,599,1198,'Paid',58,'2020-05-08 23:31:52','2020-05-08 23:31:52','Intel速 Celeron速 Processor 4205U (2MB Cache, 1','Steve Rogers','Tony Stark'),(62,'5eb50e1d230629151d14cf00','5eb50865230629151d14ce96','5eb50827230629151d14ce91',4,982,3928,'Paid',59,'2020-05-08 23:35:21','2020-05-08 23:35:21','Samsung Fancy','Thor Odison','Tony Stark'),(63,'5eb50eb4230629151d14cf14','5eb5ee753245f32a3d1f0c24','5eb50841230629151d14ce93',2,1999,3998,'Paid',60,'2020-05-08 23:50:56','2020-05-08 23:50:56','Google pixel','Steve Rogers','Peter parker'),(64,'5eb50f87230629151d14cf37','5eb5ee753245f32a3d1f0c24','5eb50841230629151d14ce93',1,599,601,'Delivered',60,'2020-05-08 23:50:56','2020-05-08 23:56:02','Intel速 Celeron速 Processor 4205U (2MB Cache, 1','Steve Rogers','Peter parker'),(65,'5eb50b99230629151d14ceb9','5eb5ee753245f32a3d1f0c24','5eb50827230629151d14ce91',1,2,2,'Cancelled',60,'2020-05-08 23:50:56','2020-05-08 23:52:39','Book2','Thor Odison','Peter parker');
/*!40000 ALTER TABLE `OrderItems` ENABLE KEYS */;
UNLOCK TABLES;

--
-- Table structure for table `Orders`
--

DROP TABLE IF EXISTS `Orders`;
/*!40101 SET @saved_cs_client     = @@character_set_client */;
/*!50503 SET character_set_client = utf8mb4 */;
CREATE TABLE `Orders` (
  `id` int(11) NOT NULL AUTO_INCREMENT,
  `customerId` varchar(255) NOT NULL,
  `address` text NOT NULL,
  `card` varchar(255) NOT NULL,
  `discount` float DEFAULT NULL,
  `deliveryCharge` float DEFAULT NULL,
  `tax` float DEFAULT NULL,
  `finalTotal` float NOT NULL,
  `status` varchar(255) DEFAULT NULL,
  `createdAt` datetime NOT NULL,
  `updatedAt` datetime NOT NULL,
  PRIMARY KEY (`id`)
) ENGINE=InnoDB AUTO_INCREMENT=61 DEFAULT CHARSET=latin1;
/*!40101 SET character_set_client = @saved_cs_client */;

--
-- Dumping data for table `Orders`
--

LOCK TABLES `Orders` WRITE;
/*!40000 ALTER TABLE `Orders` DISABLE KEYS */;
INSERT INTO `Orders` VALUES (1,'5e9e36cf6b95206ad289645f','address','123456',NULL,NULL,NULL,100,'Paid','2020-04-20 21:10:31','2020-05-02 10:06:30'),(2,'5e9e36cf6b95206ad289645f','address','123456',NULL,NULL,NULL,10.5,'Paid','2020-04-20 21:10:39','2020-04-20 21:10:39'),(3,'5ea32fb4716ebc4f57fd8ae9','{\"_id\":\"5eab6470aa880bbe7f6d6025\",\"fullName\":\"Namw\",\"streetAddressLine_1\":\"address 1\",\"streetAddressLine_2\":\"address 2\",\"state\":\"state\",\"city\":\"city\",\"country\":\"country\",\"zipCode\":\"1234\",\"phoneNumber\":\"12345678\"}','{\"_id\":\"5eaf2f4415f0533be3253a30\",\"NameOnCard\":\"Akash\",\"cardNumber\":\"0123\",\"expirationDate\":\"0001-01-01T00:00:00.000Z\",\"cvv\":222}',NULL,20,NULL,125,'Paid','2020-05-03 23:27:46','2020-05-03 23:27:46'),(4,'5ea32fb4716ebc4f57fd8ae9','{\"_id\":\"5eab6470aa880bbe7f6d6025\",\"fullName\":\"Namw\",\"streetAddressLine_1\":\"address 1\",\"streetAddressLine_2\":\"address 2\",\"state\":\"state\",\"city\":\"city\",\"country\":\"country\",\"zipCode\":\"1234\",\"phoneNumber\":\"12345678\"}','{\"_id\":\"5eab6442aa880bbe7f6d6024\",\"NameOnCard\":\"Name\",\"cardNumber\":\"123-345-456\",\"expirationDate\":\"2020-04-30T23:50:26.966Z\",\"cvv\":123}',NULL,20,NULL,125,'Paid','2020-05-03 23:30:29','2020-05-03 23:30:29'),(5,'5ea32fb4716ebc4f57fd8ae9','{\"_id\":\"5eab6470aa880bbe7f6d6025\",\"fullName\":\"Namw\",\"streetAddressLine_1\":\"address 1\",\"streetAddressLine_2\":\"address 2\",\"state\":\"state\",\"city\":\"city\",\"country\":\"country\",\"zipCode\":\"1234\",\"phoneNumber\":\"12345678\"}','{\"_id\":\"5eab6442aa880bbe7f6d6024\",\"NameOnCard\":\"Name\",\"cardNumber\":\"123-345-456\",\"expirationDate\":\"2020-04-30T23:50:26.966Z\",\"cvv\":123}',NULL,20,NULL,125,'Paid','2020-05-03 23:31:08','2020-05-03 23:31:08'),(6,'5ea32fb4716ebc4f57fd8ae9','{\"_id\":\"5eab6470aa880bbe7f6d6025\",\"fullName\":\"Namw\",\"streetAddressLine_1\":\"address 1\",\"streetAddressLine_2\":\"address 2\",\"state\":\"state\",\"city\":\"city\",\"country\":\"country\",\"zipCode\":\"1234\",\"phoneNumber\":\"12345678\"}','{\"_id\":\"5eab6442aa880bbe7f6d6024\",\"NameOnCard\":\"Name\",\"cardNumber\":\"123-345-456\",\"expirationDate\":\"2020-04-30T23:50:26.966Z\",\"cvv\":123}',NULL,20,NULL,125,'Paid','2020-05-03 23:43:13','2020-05-03 23:43:13'),(7,'5ea32fb4716ebc4f57fd8ae9','{\"_id\":\"5eab6470aa880bbe7f6d6025\",\"fullName\":\"Namw\",\"streetAddressLine_1\":\"address 1\",\"streetAddressLine_2\":\"address 2\",\"state\":\"state\",\"city\":\"city\",\"country\":\"country\",\"zipCode\":\"1234\",\"phoneNumber\":\"12345678\"}','{\"_id\":\"5eab6442aa880bbe7f6d6024\",\"NameOnCard\":\"Name\",\"cardNumber\":\"123-345-456\",\"expirationDate\":\"2020-04-30T23:50:26.966Z\",\"cvv\":123}',NULL,20,NULL,125,'Paid','2020-05-03 23:44:38','2020-05-03 23:44:38'),(8,'5ea32fb4716ebc4f57fd8ae9','{\"_id\":\"5eab6470aa880bbe7f6d6025\",\"fullName\":\"Namw\",\"streetAddressLine_1\":\"address 1\",\"streetAddressLine_2\":\"address 2\",\"state\":\"state\",\"city\":\"city\",\"country\":\"country\",\"zipCode\":\"1234\",\"phoneNumber\":\"12345678\"}','{\"_id\":\"5eab6442aa880bbe7f6d6024\",\"NameOnCard\":\"Name\",\"cardNumber\":\"123-345-456\",\"expirationDate\":\"2020-04-30T23:50:26.966Z\",\"cvv\":123}',NULL,20,NULL,125,'Paid','2020-05-03 23:45:34','2020-05-03 23:45:34'),(9,'5ea32fb4716ebc4f57fd8ae9','{\"_id\":\"5eab6470aa880bbe7f6d6025\",\"fullName\":\"Namw\",\"streetAddressLine_1\":\"address 1\",\"streetAddressLine_2\":\"address 2\",\"state\":\"state\",\"city\":\"city\",\"country\":\"country\",\"zipCode\":\"1234\",\"phoneNumber\":\"12345678\"}','{\"_id\":\"5eab6442aa880bbe7f6d6024\",\"NameOnCard\":\"Name\",\"cardNumber\":\"123-345-456\",\"expirationDate\":\"2020-04-30T23:50:26.966Z\",\"cvv\":123}',NULL,20,NULL,125,'Paid','2020-05-03 23:48:02','2020-05-03 23:48:02'),(10,'5ea32fb4716ebc4f57fd8ae9','{\"_id\":\"5eab6470aa880bbe7f6d6025\",\"fullName\":\"Namw\",\"streetAddressLine_1\":\"address 1\",\"streetAddressLine_2\":\"address 2\",\"state\":\"state\",\"city\":\"city\",\"country\":\"country\",\"zipCode\":\"1234\",\"phoneNumber\":\"12345678\"}','{\"_id\":\"5eab6442aa880bbe7f6d6024\",\"NameOnCard\":\"Name\",\"cardNumber\":\"123-345-456\",\"expirationDate\":\"2020-04-30T23:50:26.966Z\",\"cvv\":123}',NULL,20,NULL,125,'Paid','2020-05-03 23:49:15','2020-05-03 23:49:15'),(11,'5ea32fb4716ebc4f57fd8ae9','{\"_id\":\"5eab6470aa880bbe7f6d6025\",\"fullName\":\"Namw\",\"streetAddressLine_1\":\"address 1\",\"streetAddressLine_2\":\"address 2\",\"state\":\"state\",\"city\":\"city\",\"country\":\"country\",\"zipCode\":\"1234\",\"phoneNumber\":\"12345678\"}','{\"_id\":\"5eab6442aa880bbe7f6d6024\",\"NameOnCard\":\"Name\",\"cardNumber\":\"123-345-456\",\"expirationDate\":\"2020-04-30T23:50:26.966Z\",\"cvv\":123}',NULL,20,NULL,125,'Paid','2020-05-03 23:52:34','2020-05-03 23:52:34'),(12,'5ea32fb4716ebc4f57fd8ae9','{\"_id\":\"5eab6470aa880bbe7f6d6025\",\"fullName\":\"Namw\",\"streetAddressLine_1\":\"address 1\",\"streetAddressLine_2\":\"address 2\",\"state\":\"state\",\"city\":\"city\",\"country\":\"country\",\"zipCode\":\"1234\",\"phoneNumber\":\"12345678\"}','{\"_id\":\"5eab6442aa880bbe7f6d6024\",\"NameOnCard\":\"Name\",\"cardNumber\":\"123-345-456\",\"expirationDate\":\"2020-04-30T23:50:26.966Z\",\"cvv\":123}',NULL,20,NULL,125,'Paid','2020-05-03 23:53:47','2020-05-03 23:53:47'),(13,'5ea32fb4716ebc4f57fd8ae9','{\"_id\":\"5eab6470aa880bbe7f6d6025\",\"fullName\":\"Namw\",\"streetAddressLine_1\":\"address 1\",\"streetAddressLine_2\":\"address 2\",\"state\":\"state\",\"city\":\"city\",\"country\":\"country\",\"zipCode\":\"1234\",\"phoneNumber\":\"12345678\"}','{\"_id\":\"5eab6442aa880bbe7f6d6024\",\"NameOnCard\":\"Name\",\"cardNumber\":\"123-345-456\",\"expirationDate\":\"2020-04-30T23:50:26.966Z\",\"cvv\":123}',NULL,20,NULL,125,'Paid','2020-05-03 23:56:06','2020-05-03 23:56:06'),(14,'5ea32fb4716ebc4f57fd8ae9','{\"_id\":\"5eab6470aa880bbe7f6d6025\",\"fullName\":\"Namw\",\"streetAddressLine_1\":\"address 1\",\"streetAddressLine_2\":\"address 2\",\"state\":\"state\",\"city\":\"city\",\"country\":\"country\",\"zipCode\":\"1234\",\"phoneNumber\":\"12345678\"}','{\"_id\":\"5eab6442aa880bbe7f6d6024\",\"NameOnCard\":\"Name\",\"cardNumber\":\"123-345-456\",\"expirationDate\":\"2020-04-30T23:50:26.966Z\",\"cvv\":123}',NULL,20,NULL,125,'Paid','2020-05-03 23:56:52','2020-05-03 23:56:52'),(15,'5ea32fb4716ebc4f57fd8ae9','{\"_id\":\"5eab6470aa880bbe7f6d6025\",\"fullName\":\"Namw\",\"streetAddressLine_1\":\"address 1\",\"streetAddressLine_2\":\"address 2\",\"state\":\"state\",\"city\":\"city\",\"country\":\"country\",\"zipCode\":\"1234\",\"phoneNumber\":\"12345678\"}','{\"_id\":\"5eab6442aa880bbe7f6d6024\",\"NameOnCard\":\"Name\",\"cardNumber\":\"123-345-456\",\"expirationDate\":\"2020-04-30T23:50:26.966Z\",\"cvv\":123}',NULL,20,NULL,125,'Paid','2020-05-03 23:58:03','2020-05-03 23:58:03'),(16,'5ea32fb4716ebc4f57fd8ae9','{\"_id\":\"5eab6470aa880bbe7f6d6025\",\"fullName\":\"Namw\",\"streetAddressLine_1\":\"address 1\",\"streetAddressLine_2\":\"address 2\",\"state\":\"state\",\"city\":\"city\",\"country\":\"country\",\"zipCode\":\"1234\",\"phoneNumber\":\"12345678\"}','{\"_id\":\"5eab6442aa880bbe7f6d6024\",\"NameOnCard\":\"Name\",\"cardNumber\":\"123-345-456\",\"expirationDate\":\"2020-04-30T23:50:26.966Z\",\"cvv\":123}',NULL,20,NULL,125,'Paid','2020-05-04 00:00:38','2020-05-04 00:00:38'),(17,'5ea32fb4716ebc4f57fd8ae9','{\"_id\":\"5eab6470aa880bbe7f6d6025\",\"fullName\":\"Namw\",\"streetAddressLine_1\":\"address 1\",\"streetAddressLine_2\":\"address 2\",\"state\":\"state\",\"city\":\"city\",\"country\":\"country\",\"zipCode\":\"1234\",\"phoneNumber\":\"12345678\"}','{\"_id\":\"5eaf338d976c403e4a9ebcda\",\"NameOnCard\":\"adf\",\"cardNumber\":\"0123\",\"expirationDate\":\"0001-02-02T00:00:00.000Z\",\"cvv\":222}',NULL,20,NULL,125,'Paid','2020-05-04 01:18:13','2020-05-04 01:18:13'),(18,'5ea32fb4716ebc4f57fd8ae9','{\"_id\":\"5eab6470aa880bbe7f6d6025\",\"fullName\":\"Namw\",\"streetAddressLine_1\":\"address 1\",\"streetAddressLine_2\":\"address 2\",\"state\":\"state\",\"city\":\"city\",\"country\":\"country\",\"zipCode\":\"1234\",\"phoneNumber\":\"12345678\"}','{\"_id\":\"5eaf338d976c403e4a9ebcda\",\"NameOnCard\":\"adf\",\"cardNumber\":\"0123\",\"expirationDate\":\"0001-02-02T00:00:00.000Z\",\"cvv\":222}',NULL,20,NULL,125,'Paid','2020-05-04 01:35:33','2020-05-04 01:35:33'),(19,'5ea32fb4716ebc4f57fd8ae9','{\"_id\":\"5eab6470aa880bbe7f6d6025\",\"fullName\":\"Namw\",\"streetAddressLine_1\":\"address 1\",\"streetAddressLine_2\":\"address 2\",\"state\":\"state\",\"city\":\"city\",\"country\":\"country\",\"zipCode\":\"1234\",\"phoneNumber\":\"12345678\"}','{\"_id\":\"5eaf338d976c403e4a9ebcda\",\"NameOnCard\":\"adf\",\"cardNumber\":\"0123\",\"expirationDate\":\"0001-02-02T00:00:00.000Z\",\"cvv\":222}',NULL,20,NULL,125,'Paid','2020-05-04 01:44:44','2020-05-04 01:44:44'),(20,'5ea32fb4716ebc4f57fd8ae9','{\"_id\":\"5eab6470aa880bbe7f6d6025\",\"fullName\":\"Namw\",\"streetAddressLine_1\":\"address 1\",\"streetAddressLine_2\":\"address 2\",\"state\":\"state\",\"city\":\"city\",\"country\":\"country\",\"zipCode\":\"1234\",\"phoneNumber\":\"12345678\"}','{\"NameOnCard\":\"Payment4\",\"cardNumber\":\"4444\",\"expirationDate\":\"0001-01-01\",\"cvv\":\"2222\"}',NULL,20,NULL,125,'Paid','2020-05-04 01:47:49','2020-05-04 01:47:49'),(21,'5ea32fb4716ebc4f57fd8ae9','{\"_id\":\"5eab6470aa880bbe7f6d6025\",\"fullName\":\"Namw\",\"streetAddressLine_1\":\"address 1\",\"streetAddressLine_2\":\"address 2\",\"state\":\"state\",\"city\":\"city\",\"country\":\"country\",\"zipCode\":\"1234\",\"phoneNumber\":\"12345678\"}','{\"_id\":\"5eaf338d976c403e4a9ebcda\",\"NameOnCard\":\"adf\",\"cardNumber\":\"0123\",\"expirationDate\":\"0001-02-02T00:00:00.000Z\",\"cvv\":222}',NULL,20,NULL,125,'Paid','2020-05-04 01:49:17','2020-05-04 01:49:17'),(22,'5ea32fb4716ebc4f57fd8ae9','{\"_id\":\"5eab6470aa880bbe7f6d6025\",\"fullName\":\"Namw\",\"streetAddressLine_1\":\"address 1\",\"streetAddressLine_2\":\"address 2\",\"state\":\"state\",\"city\":\"city\",\"country\":\"country\",\"zipCode\":\"1234\",\"phoneNumber\":\"12345678\"}','{\"NameOnCard\":\"AAAA\",\"cardNumber\":\"2222\",\"expirationDate\":\"2023-02-02\",\"cvv\":\"222\"}',NULL,20,NULL,125,'Paid','2020-05-04 01:52:18','2020-05-04 01:52:18'),(23,'5ea32fb4716ebc4f57fd8ae9','{\"_id\":\"5eab6470aa880bbe7f6d6025\",\"fullName\":\"Namw\",\"streetAddressLine_1\":\"address 1\",\"streetAddressLine_2\":\"address 2\",\"state\":\"state\",\"city\":\"city\",\"country\":\"country\",\"zipCode\":\"1234\",\"phoneNumber\":\"12345678\"}','{\"_id\":\"5eaf7552f961b4531847f9c1\",\"NameOnCard\":\"AAAA\",\"cardNumber\":\"2222\",\"expirationDate\":\"2023-02-02T00:00:00.000Z\",\"cvv\":222}',NULL,20,NULL,125,'Paid','2020-05-04 01:54:04','2020-05-04 01:54:04'),(24,'5ea32fb4716ebc4f57fd8ae9','{\"_id\":\"5eab6470aa880bbe7f6d6025\",\"fullName\":\"Namw\",\"streetAddressLine_1\":\"address 1\",\"streetAddressLine_2\":\"address 2\",\"state\":\"state\",\"city\":\"city\",\"country\":\"country\",\"zipCode\":\"1234\",\"phoneNumber\":\"12345678\"}','{\"_id\":\"5eaf7552f961b4531847f9c1\",\"NameOnCard\":\"AAAA\",\"cardNumber\":\"2222\",\"expirationDate\":\"2023-02-02T00:00:00.000Z\",\"cvv\":222}',NULL,20,NULL,125,'Paid','2020-05-04 01:55:32','2020-05-04 01:55:32'),(25,'5ea32fb4716ebc4f57fd8ae9','{\"fullName\":\"Akash Jagannathan\",\"streetAddressLine_1\":\"808 Beaverton Court\",\"state\":\"CA\",\"city\":\"Sunnyvale\",\"country\":\"United States\",\"zipCode\":\"94087\",\"phoneNumber\":\"4086918882\"}','{\"NameOnCard\":\"BBBB\",\"cardNumber\":\"2349\",\"expirationDate\":\"2024-02-02\",\"cvv\":\"333\"}',NULL,20,NULL,125,'Paid','2020-05-04 02:01:25','2020-05-04 02:01:25'),(26,'5ea32fb4716ebc4f57fd8ae9','{\"_id\":\"5eab6470aa880bbe7f6d6025\",\"fullName\":\"Namw\",\"streetAddressLine_1\":\"address 1\",\"streetAddressLine_2\":\"address 2\",\"state\":\"state\",\"city\":\"city\",\"country\":\"country\",\"zipCode\":\"1234\",\"phoneNumber\":\"12345678\"}','{\"NameOnCard\":\"CCCC\",\"cardNumber\":\"34934\",\"expirationDate\":\"0002-02-02\",\"cvv\":\"333\"}',NULL,20,NULL,125,'Paid','2020-05-04 02:02:05','2020-05-04 02:02:05'),(27,'5ea3ab017c376a636208a017','{\"fullName\":\"Akash Jagannathan\",\"streetAddressLine_1\":\"808 Beaverton Court\",\"state\":\"CA\",\"city\":\"Sunnyvale\",\"country\":\"United States\",\"zipCode\":\"94087\",\"phoneNumber\":\"4086918882\"}','{\"NameOnCard\":\"Akash Jagannathan\",\"cardNumber\":\"2323\",\"expirationDate\":\"0034-03-04\",\"cvv\":\"333\"}',NULL,20,NULL,30,'Paid','2020-05-04 06:04:25','2020-05-04 06:04:25'),(28,'5ea3ab017c376a636208a017','{\"fullName\":\"Akash Jagannathan\",\"streetAddressLine_1\":\"808 Beaverton Court\",\"state\":\"CA\",\"city\":\"Sunnyvale\",\"country\":\"United States\",\"zipCode\":\"94087\",\"phoneNumber\":\"4086918882\"}','{\"NameOnCard\":\"Akash Jagannathan\",\"cardNumber\":\"2323\",\"expirationDate\":\"0034-03-04\",\"cvv\":\"333\"}',NULL,20,NULL,30,'Paid','2020-05-04 06:04:28','2020-05-04 06:04:28'),(29,'5ea3ab017c376a636208a017','{\"fullName\":\"Akash Jagannathan\",\"streetAddressLine_1\":\"808 Beaverton Court\",\"state\":\"CA\",\"city\":\"Sunnyvale\",\"country\":\"United States\",\"zipCode\":\"94087\",\"phoneNumber\":\"4086918882\"}','{\"_id\":\"5eafb069b186cc6898eecb14\",\"NameOnCard\":\"Akash Jagannathan\",\"cardNumber\":\"2323\",\"expirationDate\":\"0034-03-04T00:00:00.000Z\",\"cvv\":333}',NULL,20,NULL,30,'Paid','2020-05-04 06:04:42','2020-05-04 06:04:42'),(30,'5ea3ab017c376a636208a017','{\"fullName\":\"Akash Jagannathan\",\"streetAddressLine_1\":\"808 Beaverton Court\",\"state\":\"CA\",\"city\":\"Sunnyvale\",\"country\":\"United States\",\"zipCode\":\"94087\",\"phoneNumber\":\"4086918882\"}','{\"_id\":\"5eafb069b186cc6898eecb14\",\"NameOnCard\":\"Akash Jagannathan\",\"cardNumber\":\"2323\",\"expirationDate\":\"0034-03-04T00:00:00.000Z\",\"cvv\":333}',NULL,20,NULL,21,'Paid','2020-05-04 06:11:14','2020-05-04 06:11:14'),(31,'5ea3ab017c376a636208a017','{\"fullName\":\"Akash Jagannathan\",\"streetAddressLine_1\":\"808 Beaverton Court\",\"state\":\"CA\",\"city\":\"Sunnyvale\",\"country\":\"United States\",\"zipCode\":\"94087\",\"phoneNumber\":\"4086918882\"}','{\"_id\":\"5eafb069b186cc6898eecb14\",\"NameOnCard\":\"Akash Jagannathan\",\"cardNumber\":\"2323\",\"expirationDate\":\"0034-03-04T00:00:00.000Z\",\"cvv\":333}',NULL,20,NULL,21,'Paid','2020-05-04 06:22:03','2020-05-04 06:22:03'),(32,'5ea3ab017c376a636208a017','{\"fullName\":\"Akash Jagannathan\",\"streetAddressLine_1\":\"808 Beaverton Court\",\"state\":\"CA\",\"city\":\"Sunnyvale\",\"country\":\"United States\",\"zipCode\":\"94087\",\"phoneNumber\":\"4086918882\"}','{\"_id\":\"5eafa4dd32ed7763eba3284b\",\"NameOnCard\":\"Narendra Modi\",\"cardNumber\":\"222\",\"expirationDate\":\"+034234-02-02T08:00:00.000Z\",\"cvv\":3}',NULL,20,NULL,21,'Paid','2020-05-04 06:22:44','2020-05-04 06:22:44'),(33,'5eb293a444fd7654041b0752','{\"fullName\":\"customer test1\",\"streetAddressLine_1\":\"street1\",\"state\":\"California\",\"city\":\"San Jose\",\"country\":\"United States\",\"zipCode\":\"95110\",\"phoneNumber\":\"92834982374\"}','{\"NameOnCard\":\"cust test1\",\"cardNumber\":\"9800890089000\",\"expirationDate\":\"2020-05-29\",\"cvv\":\"900\"}',NULL,20,NULL,833,'Paid','2020-05-06 10:41:30','2020-05-06 10:41:30'),(34,'5eb090b94985847124f81350','{\"fullName\":\"Sourabh Garg\",\"streetAddressLine_1\":\"Street address 1\",\"streetAddressLine_2\":\"Street Address 2\",\"state\":\"CA\",\"city\":\"San Jose\",\"country\":\"USA\",\"zipCode\":\"23334\",\"phoneNumber\":\"1231231231\"}','{\"NameOnCard\":\"Sourabh Garg\",\"cardNumber\":\"1231231231231231\",\"expirationDate\":\"2023-12-20\",\"cvv\":\"232\"}',NULL,20,NULL,21,'Paid','2020-05-06 22:15:45','2020-05-06 22:15:45'),(35,'5eaf8999ffd6863b35ee5d10','{\"fullName\":\"Prashanth Narasimha\",\"streetAddressLine_1\":\"#139,\",\"streetAddressLine_2\":\"12345678\",\"state\":\"swdfghj\",\"city\":\"swdfghj\",\"country\":\"India\",\"zipCode\":\"560085\",\"phoneNumber\":\"12345678\"}','{\"NameOnCard\":\"ABCD\",\"cardNumber\":\"1234567890\",\"expirationDate\":\"2020-12-12\",\"cvv\":\"123\"}',NULL,20,NULL,22,'Paid','2020-05-06 22:37:21','2020-05-06 22:37:21'),(36,'5eb33b9c3c07d7618314db28','{\"fullName\":\"Akash Jagannathan\",\"streetAddressLine_1\":\"808 Beaverton Court\",\"state\":\"CA\",\"city\":\"Sunnyvale\",\"country\":\"United States\",\"zipCode\":\"94087\",\"phoneNumber\":\"4086918882\"}','{\"NameOnCard\":\"Paraneet\",\"cardNumber\":\"232\",\"expirationDate\":\"0033-02-03\",\"cvv\":\"343\"}',NULL,20,NULL,21,'Paid','2020-05-06 22:44:29','2020-05-06 22:44:29'),(37,'5eb33b9c3c07d7618314db28','{\"fullName\":\"Akash Jagannathan\",\"streetAddressLine_1\":\"808 Beaverton Court\",\"state\":\"CA\",\"city\":\"Sunnyvale\",\"country\":\"United States\",\"zipCode\":\"94087\",\"phoneNumber\":\"4086918882\"}','{\"_id\":\"5eb33dcd3aeb346316c9e286\",\"NameOnCard\":\"Paraneet\",\"cardNumber\":\"232\",\"expirationDate\":\"0033-02-03T00:00:00.000Z\",\"cvv\":343}',NULL,20,NULL,21,'Paid','2020-05-06 22:57:07','2020-05-06 22:57:07'),(38,'5eb354c3b2a9df3e4cfecb12','{\"fullName\":\"Aditi\",\"streetAddressLine_1\":\"hfs\",\"streetAddressLine_2\":\"sfb\",\"state\":\"CA\",\"city\":\"SAn Jose\",\"country\":\"India\",\"zipCode\":\"432523\",\"phoneNumber\":\"34786\"}','{\"NameOnCard\":\"hjasd\",\"cardNumber\":\"276424734666\",\"expirationDate\":\"2020-03-21\",\"cvv\":\"314\"}',NULL,20,NULL,50,'Paid','2020-05-07 02:15:40','2020-05-07 02:15:40'),(39,'5eb3bd021094cf832eded6a7','{\"fullName\":\"Akash Jagannathan\",\"streetAddressLine_1\":\"808 Beaverton Court\",\"state\":\"California\",\"city\":\"Sunnyvale\",\"country\":\"United States\",\"zipCode\":\"94087\",\"phoneNumber\":\"4086918882\"}','{\"_id\":\"5eb3bd9f1094cf832eded6c7\",\"NameOnCard\":\"aasdg\",\"cardNumber\":\"25\",\"expirationDate\":\"+023432-03-25T07:00:00.000Z\",\"cvv\":324}',NULL,20,NULL,50,'Paid','2020-05-07 08:15:59','2020-05-07 08:15:59'),(40,'5eb3bd021094cf832eded6a7','{\"fullName\":\"Akash Jagannathan\",\"streetAddressLine_1\":\"808 Beaverton Court\",\"state\":\"California\",\"city\":\"Sunnyvale\",\"country\":\"United States\",\"zipCode\":\"94087\",\"phoneNumber\":\"4086918882\"}','{\"_id\":\"5eb3bd9f1094cf832eded6c7\",\"NameOnCard\":\"aasdg\",\"cardNumber\":\"25\",\"expirationDate\":\"+023432-03-25T07:00:00.000Z\",\"cvv\":324}',NULL,20,NULL,20,'Paid','2020-05-07 08:24:41','2020-05-07 08:28:15'),(41,'5eb3bd021094cf832eded6a7','{\"fullName\":\"Akash Jagannathan\",\"streetAddressLine_1\":\"808 Beaverton Court\",\"state\":\"California\",\"city\":\"Sunnyvale\",\"country\":\"United States\",\"zipCode\":\"94087\",\"phoneNumber\":\"4086918882\"}','{\"_id\":\"5eb3bd9f1094cf832eded6c7\",\"NameOnCard\":\"aasdg\",\"cardNumber\":\"25\",\"expirationDate\":\"+023432-03-25T07:00:00.000Z\",\"cvv\":324}',NULL,20,NULL,80,'Paid','2020-05-07 08:34:13','2020-05-07 08:34:13'),(42,'5ea3ab017c376a636208a017','{\"_id\":\"5eb469c2bda787b6b7bdbed0\",\"fullName\":\"Akash Jagannathan\",\"streetAddressLine_1\":\"808 Beaverton Court\",\"streetAddressLine_2\":\"\",\"city\":\"Sunnyvale\",\"state\":\"California\",\"country\":\"United States\",\"zipCode\":\"94087\",\"phoneNumber\":\"4086918882\"}','{\"_id\":\"5eafa4dd32ed7763eba3284b\",\"NameOnCard\":\"Narendra Modi\",\"cardNumber\":\"222\",\"expirationDate\":\"+034234-02-02T08:00:00.000Z\",\"cvv\":3}',NULL,0,NULL,1,'Paid','2020-05-07 20:07:19','2020-05-07 20:07:19'),(43,'5ea3ab017c376a636208a017','{\"_id\":\"5eb469c2bda787b6b7bdbed0\",\"fullName\":\"Akash Jagannathan\",\"streetAddressLine_1\":\"808 Beaverton Court\",\"streetAddressLine_2\":\"\",\"city\":\"Sunnyvale\",\"state\":\"California\",\"country\":\"United States\",\"zipCode\":\"94087\",\"phoneNumber\":\"4086918882\"}','{\"_id\":\"5eafb069b186cc6898eecb14\",\"NameOnCard\":\"Akash Jagannathan\",\"cardNumber\":\"2323\",\"expirationDate\":\"0034-03-04T00:00:00.000Z\",\"cvv\":333}',NULL,0,NULL,5,'Paid','2020-05-07 20:10:56','2020-05-07 20:10:56'),(44,'5eb3bd021094cf832eded6a7','{\"fullName\":\"Akash Jagannathan\",\"streetAddressLine_1\":\"808 Beaverton Court\",\"state\":\"California\",\"city\":\"Sunnyvale\",\"country\":\"United States\",\"zipCode\":\"94087\",\"phoneNumber\":\"4086918882\"}','{\"_id\":\"5eb3bd9f1094cf832eded6c7\",\"NameOnCard\":\"aasdg\",\"cardNumber\":\"25\",\"expirationDate\":\"+023432-03-25T07:00:00.000Z\",\"cvv\":324}',NULL,0,NULL,4,'Paid','2020-05-07 20:24:00','2020-05-07 20:24:00'),(45,'5eb3bd021094cf832eded6a7','{\"fullName\":\"Akash Jagannathan\",\"streetAddressLine_1\":\"808 Beaverton Court\",\"state\":\"California\",\"city\":\"Sunnyvale\",\"country\":\"United States\",\"zipCode\":\"94087\",\"phoneNumber\":\"4086918882\"}','{\"_id\":\"5eb3bd9f1094cf832eded6c7\",\"NameOnCard\":\"aasdg\",\"cardNumber\":\"25\",\"expirationDate\":\"+023432-03-25T07:00:00.000Z\",\"cvv\":324}',NULL,0,NULL,4,'Paid','2020-05-07 20:25:31','2020-05-07 20:25:31'),(46,'5eaf8999ffd6863b35ee5d10','{\"fullName\":\"Prashanth N\",\"streetAddressLine_1\":\"qwert asdfg asdf\",\"streetAddressLine_2\":\"qwert asdf adf\",\"state\":\"California\",\"city\":\"San Jose\",\"country\":\"United States\",\"zipCode\":\"95125\",\"phoneNumber\":\"1234567\"}','{\"_id\":\"5eb33c219c3395064b908d1f\",\"NameOnCard\":\"ABCD\",\"cardNumber\":\"1234567890\",\"expirationDate\":\"2020-12-12T00:00:00.000Z\",\"cvv\":123}',NULL,0,NULL,195,'Paid','2020-05-08 07:00:30','2020-05-08 07:00:30'),(47,'5eaf8999ffd6863b35ee5d10','{\"fullName\":\"Prashanth N\",\"streetAddressLine_1\":\"qwert asdfg asdf\",\"streetAddressLine_2\":\"qwert asdf adf\",\"state\":\"California\",\"city\":\"San Jose\",\"country\":\"United States\",\"zipCode\":\"95125\",\"phoneNumber\":\"1234567\"}','{\"_id\":\"5eb33c219c3395064b908d1f\",\"NameOnCard\":\"ABCD\",\"cardNumber\":\"1234567890\",\"expirationDate\":\"2020-12-12T00:00:00.000Z\",\"cvv\":123}',NULL,0,NULL,195,'Paid','2020-05-08 07:00:30','2020-05-08 07:00:30'),(48,'5eaf8999ffd6863b35ee5d10','{\"fullName\":\"Prashanth N\",\"streetAddressLine_1\":\"qwert asdfg asdf\",\"streetAddressLine_2\":\"qwert asdf adf\",\"state\":\"California\",\"city\":\"San Jose\",\"country\":\"United States\",\"zipCode\":\"95125\",\"phoneNumber\":\"1234567\"}','{\"_id\":\"5eb33c219c3395064b908d1f\",\"NameOnCard\":\"ABCD\",\"cardNumber\":\"1234567890\",\"expirationDate\":\"2020-12-12T00:00:00.000Z\",\"cvv\":123}',NULL,0,NULL,195,'Paid','2020-05-08 07:00:30','2020-05-08 07:00:30'),(49,'5eaf8999ffd6863b35ee5d10','{\"fullName\":\"Prashanth N\",\"streetAddressLine_1\":\"qwert asdfg asdf\",\"streetAddressLine_2\":\"qwert asdf adf\",\"state\":\"California\",\"city\":\"San Jose\",\"country\":\"United States\",\"zipCode\":\"95125\",\"phoneNumber\":\"1234567\"}','{\"_id\":\"5eb33c219c3395064b908d1f\",\"NameOnCard\":\"ABCD\",\"cardNumber\":\"1234567890\",\"expirationDate\":\"2020-12-12T00:00:00.000Z\",\"cvv\":123}',NULL,0,NULL,195,'Paid','2020-05-08 07:00:30','2020-05-08 07:00:30'),(50,'5eaf8999ffd6863b35ee5d10','{\"fullName\":\"Prashanth N\",\"streetAddressLine_1\":\"238, Meadow Pine Place\",\"streetAddressLine_2\":\"fdbn zsfgh afgthny\",\"state\":\"California\",\"city\":\"San Jose\",\"country\":\"United States\",\"zipCode\":\"95125\",\"phoneNumber\":\"123456789\"}','{\"_id\":\"5eb33c219c3395064b908d1f\",\"NameOnCard\":\"ABCD\",\"cardNumber\":\"1234567890\",\"expirationDate\":\"2020-12-12T00:00:00.000Z\",\"cvv\":123}',NULL,0,NULL,975,'Paid','2020-05-08 07:02:01','2020-05-08 07:02:01'),(51,'5eaf8999ffd6863b35ee5d10','{\"fullName\":\"Prashanth N\",\"streetAddressLine_1\":\"238, Meadow Pine Place\",\"streetAddressLine_2\":\"fdbn zsfgh afgthny\",\"state\":\"California\",\"city\":\"San Jose\",\"country\":\"United States\",\"zipCode\":\"95125\",\"phoneNumber\":\"123456789\"}','{\"_id\":\"5eb33c219c3395064b908d1f\",\"NameOnCard\":\"ABCD\",\"cardNumber\":\"1234567890\",\"expirationDate\":\"2020-12-12T00:00:00.000Z\",\"cvv\":123}',NULL,0,NULL,975,'Paid','2020-05-08 07:02:01','2020-05-08 07:02:01'),(52,'5eaf8999ffd6863b35ee5d10','{\"fullName\":\"Prashanth N\",\"streetAddressLine_1\":\"238, Meadow Pine Place\",\"streetAddressLine_2\":\"fdbn zsfgh afgthny\",\"state\":\"California\",\"city\":\"San Jose\",\"country\":\"United States\",\"zipCode\":\"95125\",\"phoneNumber\":\"123456789\"}','{\"_id\":\"5eb33c219c3395064b908d1f\",\"NameOnCard\":\"ABCD\",\"cardNumber\":\"1234567890\",\"expirationDate\":\"2020-12-12T00:00:00.000Z\",\"cvv\":123}',NULL,0,NULL,975,'Paid','2020-05-08 07:02:01','2020-05-08 07:02:01'),(53,'5eaf8999ffd6863b35ee5d10','{\"fullName\":\"Prashanth N\",\"streetAddressLine_1\":\"238, Meadow Pine Place\",\"streetAddressLine_2\":\"fdbn zsfgh afgthny\",\"state\":\"California\",\"city\":\"San Jose\",\"country\":\"United States\",\"zipCode\":\"95125\",\"phoneNumber\":\"123456789\"}','{\"_id\":\"5eb33c219c3395064b908d1f\",\"NameOnCard\":\"ABCD\",\"cardNumber\":\"1234567890\",\"expirationDate\":\"2020-12-12T00:00:00.000Z\",\"cvv\":123}',NULL,0,NULL,975,'Paid','2020-05-08 07:02:01','2020-05-08 07:02:01'),(54,'5eaf8999ffd6863b35ee5d10','{\"fullName\":\"axscdfvgbt\",\"streetAddressLine_1\":\"dcfvgbhn cer\",\"streetAddressLine_2\":\"dcfvbgrthn\",\"state\":\"Alabama\",\"city\":\"sd fgh\",\"country\":\"zxcdfvgbh\",\"zipCode\":\"12345\",\"phoneNumber\":\"xcdvfy\"}','{\"_id\":\"5eb33c219c3395064b908d1f\",\"NameOnCard\":\"ABCD\",\"cardNumber\":\"1234567890\",\"expirationDate\":\"2020-12-12T00:00:00.000Z\",\"cvv\":123}',NULL,0,NULL,2,'Paid','2020-05-08 07:14:35','2020-05-08 07:14:35'),(55,'5eb50865230629151d14ce96','{\"_id\":\"5eb50ac3230629151d14ce9e\",\"fullName\":\"Tony Stark\",\"streetAddressLine_1\":\"10880 Malibu Point\",\"streetAddressLine_2\":\"\",\"city\":\"Oceanside\",\"state\":\"California\",\"country\":\"United States\",\"zipCode\":\"94087\",\"phoneNumber\":\"5555555555\"}','{\"_id\":\"5eb50c28230629151d14ced2\",\"NameOnCard\":\"Ironman\",\"cardNumber\":\"3948596059483948\",\"expirationDate\":\"2024-01-03T00:00:00.000Z\",\"cvv\":459}',NULL,0,NULL,1321,'Paid','2020-05-08 07:52:38','2020-05-08 07:52:38'),(56,'5eb50865230629151d14ce96','{\"_id\":\"5eb50b76230629151d14cead\",\"fullName\":\"Marvel Headquarters\",\"streetAddressLine_1\":\"1290 Avenue of the Americas\",\"streetAddressLine_2\":\"\",\"city\":\"New York\",\"state\":\"New York\",\"country\":\"USA\",\"zipCode\":\"10104\",\"phoneNumber\":\"3495859605\"}','{\"NameOnCard\":\"Adoto\",\"cardNumber\":\"6351464325\",\"expirationDate\":\"2020-02-04\",\"cvv\":\"245\"}',NULL,0,NULL,53,'Paid','2020-05-08 08:03:48','2020-05-08 08:03:48'),(57,'5eb50865230629151d14ce96','{\"_id\":\"5eb50ac3230629151d14ce9e\",\"fullName\":\"Tony Stark\",\"streetAddressLine_1\":\"10880 Malibu Point\",\"streetAddressLine_2\":\"\",\"city\":\"Oceanside\",\"state\":\"California\",\"country\":\"United States\",\"zipCode\":\"94087\",\"phoneNumber\":\"5555555555\"}','{\"_id\":\"5eb50c28230629151d14ced2\",\"NameOnCard\":\"Ironman\",\"cardNumber\":\"3948596059483948\",\"expirationDate\":\"2024-01-03T00:00:00.000Z\",\"cvv\":459}',NULL,0,NULL,3804,'Paid','2020-05-08 09:01:34','2020-05-08 09:01:34'),(58,'5eb50865230629151d14ce96','{\"_id\":\"5eb5eb543245f32a3d1f0bf3\",\"fullName\":\"Sourabh Garg\",\"streetAddressLine_1\":\"190 Ryland Street\",\"streetAddressLine_2\":\"Fountain Plaza\",\"city\":\"san Jose\",\"state\":\"California\",\"country\":\"US\",\"zipCode\":\"12345-2131\",\"phoneNumber\":\"213551\"}','{\"_id\":\"5eb5eb113245f32a3d1f0bec\",\"NameOnCard\":\"Akash\",\"cardNumber\":\"1234354657\",\"expirationDate\":\"2020-02-01T00:00:00.000Z\",\"cvv\":234}',NULL,0,NULL,1198,'Paid','2020-05-08 23:31:52','2020-05-08 23:31:52'),(59,'5eb50865230629151d14ce96','{\"_id\":\"5eb5eb543245f32a3d1f0bf3\",\"fullName\":\"Sourabh Garg\",\"streetAddressLine_1\":\"190 Ryland Street\",\"streetAddressLine_2\":\"Fountain Plaza\",\"city\":\"san Jose\",\"state\":\"California\",\"country\":\"US\",\"zipCode\":\"12345-2131\",\"phoneNumber\":\"213551\"}','{\"_id\":\"5eb50bb3230629151d14cec0\",\"NameOnCard\":\"Tony Stark\",\"cardNumber\":\"3492039405943728\",\"expirationDate\":\"2021-05-01T00:00:00.000Z\",\"cvv\":123}',NULL,0,NULL,3928,'Paid','2020-05-08 23:35:21','2020-05-08 23:35:21'),(60,'5eb5ee753245f32a3d1f0c24','{\"_id\":\"5eb5eef83245f32a3d1f0c34\",\"fullName\":\"Somya \",\"streetAddressLine_1\":\"190 Ryland Street\",\"streetAddressLine_2\":\"FOuntain plaza\",\"city\":\"San Jose\",\"state\":\"California\",\"country\":\"USA\",\"zipCode\":\"13245-3452\",\"phoneNumber\":\"2135\"}','{\"_id\":\"5eb5eec63245f32a3d1f0c2d\",\"NameOnCard\":\"Prashanth\",\"cardNumber\":\"123567352612\",\"expirationDate\":\"2021-02-01T00:00:00.000Z\",\"cvv\":231}',NULL,0,NULL,4599,'Paid','2020-05-08 23:50:56','2020-05-08 23:52:39');
/*!40000 ALTER TABLE `Orders` ENABLE KEYS */;
UNLOCK TABLES;
SET @@SESSION.SQL_LOG_BIN = @MYSQLDUMP_TEMP_LOG_BIN;
/*!40103 SET TIME_ZONE=@OLD_TIME_ZONE */;

/*!40101 SET SQL_MODE=@OLD_SQL_MODE */;
/*!40014 SET FOREIGN_KEY_CHECKS=@OLD_FOREIGN_KEY_CHECKS */;
/*!40014 SET UNIQUE_CHECKS=@OLD_UNIQUE_CHECKS */;
/*!40101 SET CHARACTER_SET_CLIENT=@OLD_CHARACTER_SET_CLIENT */;
/*!40101 SET CHARACTER_SET_RESULTS=@OLD_CHARACTER_SET_RESULTS */;
/*!40101 SET COLLATION_CONNECTION=@OLD_COLLATION_CONNECTION */;
/*!40111 SET SQL_NOTES=@OLD_SQL_NOTES */;

-- Dump completed on 2020-05-09 14:10:47
